Month,Value
2004-01,0.0
2004-02,0.0
2004-03,0.0
2004-04,0.0
2004-05,0.0
2004-06,0.0
2004-07,0.0
2004-08,0.0
2004-09,0.0
2004-10,0.0
2004-11,0.0
2004-12,0.0
2005-01,0.0
2005-02,0.0
2005-03,0.0
2005-04,0.0
2005-05,0.0
2005-06,0.0
2005-07,0.0
2005-08,0.0
2005-09,0.0
2005-10,0.0
2005-11,0.0
2005-12,0.0
2006-01,0.0
2006-02,0.0
2006-03,0.0
2006-04,0.0
2006-05,0.0
2006-06,0.0
2006-07,0.0
2006-08,0.0
2006-09,0.0
2006-10,0.0
2006-11,0.0
2006-12,0.0
2007-01,0.0
2007-02,0.0
2007-03,0.0
2007-04,0.0
2007-05,0.0
2007-06,0.0
2007-07,0.0
2007-08,0.0
2007-09,0.0
2007-10,0.0
2007-11,35.0
2007-12,0.0
2008-01,0.0
2008-02,0.0
2008-03,0.0
2008-04,0.0
2008-05,0.0
2008-06,31.0
2008-07,42.0
2008-08,37.0
2008-09,0.0
2008-10,0.0
2008-11,0.0
2008-12,33.0
2009-01,30.0
2009-02,0.0
2009-03,38.0
2009-04,0.0
2009-05,38.0
2009-06,25.0
2009-07,43.0
2009-08,33.0
2009-09,37.0
2009-10,36.0
2009-11,23.0
2009-12,47.0
2010-01,36.0
2010-02,23.0
2010-03,43.0
2010-04,47.0
2010-05,41.0
2010-06,32.0
2010-07,44.0
2010-08,49.0
2010-09,55.0
2010-10,30.0
2010-11,30.0
2010-12,56.0
2011-01,44.0
2011-02,43.0
2011-03,33.0
2011-04,47.0
2011-05,41.0
2011-06,40.0
2011-07,38.0
2011-08,34.0
2011-09,38.0
2011-10,35.0
2011-11,30.0
2011-12,35.0
2012-01,32.0
2012-02,40.0
2012-03,35.0
2012-04,37.0
2012-05,46.0
2012-06,39.0
2012-07,40.0
2012-08,35.0
2012-09,34.0
2012-10,35.0
2012-11,35.0
2012-12,41.0
2013-01,37.0
2013-02,38.0
2013-03,46.0
2013-04,39.0
2013-05,38.0
2013-06,40.0
2013-07,35.0
2013-08,33.0
2013-09,37.0
2013-10,40.0
2013-11,36.0
2013-12,33.0
2014-01,31.0
2014-02,43.0
2014-03,36.0
2014-04,39.0
2014-05,42.0
2014-06,41.0
2014-07,39.0
2014-08,33.0
2014-09,35.0
2014-10,41.0
2014-11,39.0
2014-12,48.0
2015-01,36.0
2015-02,42.0
2015-03,43.0
2015-04,34.0
2015-05,44.0
2015-06,42.0
2015-07,35.0
2015-08,40.0
2015-09,43.0
2015-10,44.0
2015-11,34.0
2015-12,37.0
2016-01,34.0
2016-02,37.0
2016-03,38.0
2016-04,44.0
2016-05,37.0
2016-06,38.0
2016-07,32.0
2016-08,29.0
2016-09,35.0
2016-10,31.0
2016-11,36.0
2016-12,39.0
2017-01,43.0
2017-02,38.0
2017-03,45.0
2017-04,40.0
2017-05,42.0
2017-06,47.0
2017-07,44.0
2017-08,40.0
2017-09,40.0
2017-10,45.0
2017-11,49.0
2017-12,38.0
2018-01,44.0
2018-02,45.0
2018-03,44.0
2018-04,45.0
2018-05,42.0
2018-06,44.0
2018-07,46.0
2018-08,42.0
2018-09,41.0
2018-10,38.0
2018-11,41.0
2018-12,47.0
2019-01,39.0
2019-02,34.0
2019-03,41.0
2019-04,38.0
2019-05,44.0
2019-06,45.0
2019-07,37.0
2019-08,38.0
2019-09,39.0
2019-10,37.0
2019-11,44.0
2019-12,31.0
2020-01,35.0
2020-02,41.0
2020-03,41.0
2020-04,40.0
2020-05,48.0
2020-06,42.0
2020-07,45.0
2020-08,41.0
2020-09,43.0
2020-10,35.0
2020-11,40.0
2020-12,40.0
2021-01,41.0
2021-02,46.0
2021-03,43.0
2021-04,33.0
2021-05,40.0
2021-06,42.0
2021-07,45.0
2021-08,51.0
2021-09,58.0
2021-10,64.0
2021-11,46.0
2021-12,56.0
2022-01,72.0
2022-02,90.0
2022-03,77.0
2022-04,42.0
2022-05,50.0
2022-06,52.0
2022-07,56.0
2022-08,48.0
2022-09,70.0
2022-10,42.0
2022-11,51.0
2022-12,50.0
2023-01,63.0
2023-02,72.0
2023-03,52.0
2023-04,42.0
2023-05,43.0
2023-06,50.0
2023-07,51.0
2023-08,48.0
2023-09,59.0
2023-10,48.0
2023-11,44.0
2023-12,51.0
2024-01,53.0
2024-02,70.0
2024-03,45.0
2024-04,44.0
2024-05,41.0
2024-06,40.0
2024-07,48.0
2024-08,49.0
2024-09,52.0
2024-10,41.0
2024-11,51.0
2024-12,49.0
2025-01,46.0
2025-02,48.0
2025-03,39.0
2025-04,34.0
2025-05,36.0
2025-06,39.0
2025-07,43.0
2025-08,49.0
2025-09,61.0
2025-10,50.0
2025-11,56.0
2025-12,63.0
2026-01,58.0
2026-02,62.0
2026-03,55.0
2026-04,49.0
2026-05,63.0
2026-06,100.0
2026-07,85.0
2026-08,81.0
